"Annotation","mean_group1","sd_group1","mean_group2","sd_group2","p.val","p.adj"
"Polyketide.cyclase...dehydrase.and.lipid.transport..PF10604.",6.06049604260459,10.4970870648613,9.37824587362072,12.6077310788266,6.89630715474146e-06,0.00066204548685518
"CHAD.domain..PF05235.",8.58981929952844,6.26126996166716,5.58378905573254,5.96314295242175,4.42355495191064e-05,0.00212330637691711
"PapC.C.terminal.domain..PF13953.",34.3794658880315,9.6038110661115,43.5750134675882,11.0502254769616,0.000546874931622601,0.0174999978119232
