"Annotation","mean_group1","sd_group1","mean_group2","sd_group2","p.val","p.adj"
"Gluconokinase..2.7.1.12.",1.44299773137212,2.49934538594314,4.31765122714982,1.54253579479102,0.0131278309805637,0.0328195774514093
"X6.phosphogluconolactonase..3.1.1.31.",3.18083148854973,3.24875147536771,4.16818775223606,2.38719412319305,0.010116551612119,0.0328195774514093
