"Annotation","mean_group1","sd_group1","mean_group2","sd_group2","p.val","p.adj"
"efflux.transporter..RND.family..MFP.subunit..TIGR01730.",24.7684661311937,25.5734611120244,33.5749578270426,18.4400356591021,2.09260630618057e-11,2.8543150016303e-08
"membrane.protein.insertase..YidC.Oxa1.family..N.terminal.domain..TIGR03593.",11.7248241767272,11.5538132656516,18.2226202096147,9.46084794467927,2.07319245945356e-05,0.0141391725734733
