"Annotation","mean_group1","sd_group1","mean_group2","sd_group2","p.val","p.adj"
"Hydrolases....Acting.on.acid.anhydrides....Acting.on.acid.anhydrides..catalyzing.transmembrane.movement.of.substances..3.6.3...",58.0338052405998,48.8569822777258,74.8209322927955,17.7343051004647,1.21087157189974e-07,0.000123145638862204
"Deleted.entry..1.3.99.1.",16.1428472055021,20.2029313037807,24.3133110940868,10.3372250868895,1.24632276761878e-05,0.00633755127334151
"DNA.helicase..3.6.4.12.",16.614689131135,16.894966236124,39.9680577409281,11.5507345051339,2.20555888032358e-05,0.00747684460429695
"H....transporting.two.sector.ATPase..3.6.3.14.",37.187664044362,34.8752707325433,55.6698233727114,17.2542287718818,3.94414249561611e-05,0.010027982295104
"Oxidoreductases....Acting.on.the.CH.OH.group.of.donors....With.NAD....or.NADP....as.acceptor..1.1.1...",14.8186204370861,14.8880560797511,24.8825471801417,9.69945458542085,7.69075174641902e-05,0.0156429890522163
"Membrane.alanyl.aminopeptidase..3.4.11.2.",8.63137239410158,8.16883109240723,20.8376161250016,3.61471373559512,0.000200967966225587,0.0340640702752369
