"Annotation","mean_group1","sd_group1","mean_group2","sd_group2","p.val","p.adj"
"PLD.like.domain..PF13091.",17.5823506996578,19.0074689899308,30.7893911016646,5.55822945243327,2.79771485531531e-08,6.31724014330198e-05
"Elongation.Factor.G..domain.II..PF14492.",26.596486926799,32.3843551999946,45.2653313443301,19.369451493821,6.339392109648e-08,7.15717369179259e-05
"CobQ.CobB.MinD.ParA.nucleotide.binding.domain..PF01656.",32.6632666719645,22.6303377432786,50.2301281437456,10.2816907436742,1.41886022057516e-06,0.00106792879268624
"YidC.periplasmic.domain..PF14849.",12.6041843600347,12.7318451847849,18.739922349406,10.4716988506859,2.87099648752951e-06,0.00162067751721041
"Formyl.transferase..PF00551.",14.7318714827717,15.4727479937804,28.0933689686336,6.16598012162696,8.09888138979815e-06,0.00365745483563285
