"Annotation","mean_group1","sd_group1","mean_group2","sd_group2","p.val","p.adj"
"DNA.directed.RNA.polymerase..beta.subunit..TIGR02013.",41.7817277195485,44.5658144652636,75.184475419898,6.86500957423808,2.91930362369707e-09,4.45777663338543e-06
"TonB.dependent.receptor..TIGR01782.",34.0736280033343,29.3481151557991,42.4601392778698,17.1504200239716,3.63683632669122e-07,0.000277672453542875
"aspartate.kinase..TIGR00657.",25.9247304319351,25.7041309482712,36.4850680054098,5.88238511300437,8.80573699803775e-07,0.000448212013200121
"excinuclease.ABC.subunit.A..TIGR00630.",35.4649397591919,32.7490275393641,70.5064777494251,8.72329150953893,4.18176194852985e-06,0.00159638762385127
"filamentous.hemagglutinin.family.N.terminal.domain..TIGR01901.",8.00402652959639,10.7448787424004,34.1967884091663,14.1067659743869,2.97483964546611e-05,0.0090851602772535
"uroporphyrinogen.III.C.methyltransferase..TIGR01469.",7.62544723278204,7.33166051029242,12.4618701662274,5.65588225419116,8.66035523864494e-05,0.0220406040823514
