"Annotation","mean_group1","sd_group1","mean_group2","sd_group2","p.val","p.adj"
"DNA.directed.RNA.polymerase..2.7.7.6.",135.404067830041,121.847441094169,189.688222792141,34.1980936486311,6.74075571484233e-10,7.59351543678874e-07
"DNA.topoisomerase..ATP.hydrolyzing...5.99.1.3.",96.3620830939644,88.7590316548817,119.508340484074,13.042746043788,1.33219569066469e-09,7.59351543678874e-07
"NADH.dehydrogenase..quinone...1.6.99.5.",71.5001834567252,67.9494977997613,104.824728311518,41.1597767131076,1.47537960267783e-05,0.00560644249017576
"H....transporting.two.sector.ATPase..3.6.3.14.",54.6563278573643,49.231928904179,58.8657346062509,16.1171021337732,4.76737220044396e-05,0.0135870107712653
"DNA.helicase..3.6.4.12.",30.4249129351375,25.6088576504145,50.4302751141845,5.44492879616014,8.06040537905299e-05,0.0183777242642408
"Aromatic.amino.acid.transaminase..2.6.1.57.",5.8008600811809,6.10532747995958,10.9967518044783,4.51136338819616,0.000157398123353825,0.0299056434372268
